slug	display_name	type	org	verdict	target_category	primary_signal	band_estimate	gap_note	confidence	one_line_reason
lightgbm	LightGBM	software	lightgbm-org	PROMOTE		pypi 18.2M/mo; gh 18.8k, pushed 2026-09	5	single-learner rung 2 needs peers (recipe note names it)	high	Band 5, top GBDT library; arguably a round-1 miss
catboost	CatBoost	software	yandex	PROMOTE		pypi 5.0M/mo; gh 9.1k, pushed 2026-09	4	rung 2 peer to xgboost	high	Band 4 GBDT library, active
imbalanced-learn	imbalanced-learn	software	scikit-learn-contrib	PROMOTE		pypi 5.7M/mo; gh 7.1k, pushed 2026-06	4		high	Band 4; distinct resampling toolkit
pyod	PyOD	software	yzhao062	PROMOTE		pypi 2.75M/mo; gh 10.0k, pushed 2026-09	4	only anomaly-detection toolkit	high	Band 4 and sole outlier-detection product
umap	UMAP	software	lmcinnes	PROMOTE		pypi 5.3M/mo; gh 8.3k, pushed 2026-09	4	dimensionality reduction has no head product	high	Band 4; widens rung 2
hdbscan	HDBSCAN	software	scikit-learn-contrib	PROMOTE		pypi 2.0M/mo; gh 3.2k, pushed 2026-06	4	clustering; sklearn now ships an HDBSCAN estimator	med	Band 4, though scikit-learn has absorbed the algorithm
cuml	cuML	software	nvidia	PROMOTE		pypi cuml-cu12 274k/mo; gh 5.3k, pushed 2026-09	3	only GPU classical-ML library	high	Band 3 and fills GPU sub-segment (first pypi fetch 429'd, retry succeeded)
river	River	software	online-ml	PROMOTE		pypi 155k/mo; gh 6.1k, pushed 2026-09	3	only online/streaming ML library	med	Band 3, sole online-learning product
skrub	skrub	software	skrub-data	PROMOTE		pypi 113k/mo; gh 1.7k, pushed 2026-09	3		low	Just over band 3 floor; feature-engineering helper for sklearn, could equally stay tail
mlpack	mlpack	software	mlpack	TAIL_OK		pypi 1.6k/mo (not primary; C++ lib); gh 5.7k	2		med	C++ library with no countable primary channel; stars band 2
h2o-3	H2O-3	software	h2o-ai	PROMOTE		pypi h2o 157k/mo; gh 7.5k, pushed 2026-09	3	second open AutoML beside autogluon	med	Band 3; JVM AutoML platform, distinct from autogluon
ngboost	NGBoost	software	stanfordmlgroup	PROMOTE		pypi 182k/mo; gh 1.9k, pushed 2026-09	3		low	Band 3 on pypi but niche probabilistic booster; low stars suggest dependency-pulled installs
perpetual	Perpetual	software	perpetual-ml	TAIL_OK		pypi 5.8k/mo; gh 708	1		high	Small adoption
ml-net	ML.NET	software	microsoft	PROMOTE		NuGet Microsoft.ML 17.3M cumulative (monthly not fetched); gh 9.4k, pushed 2026-09	3?	only .NET product in category	low	Only non-Python ML library; cumulative NuGet implies roughly band 3 but monthly unmeasured
dask-ml	Dask-ML	software	dask	TAIL_OK		pypi 49k/mo; gh 950, pushed 2025-09	2		high	Band 2, near-dormant scaling wrapper around sklearn
gensim	Gensim	software	rare-technologies	PROMOTE		pypi 2.86M/mo; gh 16.5k, pushed 2025-11	4	classical NLP (topic models, word2vec)	high	Band 4; will defer on LGPL-2.1 per recipe note
stanza	Stanza	software	stanford-nlp	PROMOTE		pypi 723k/mo; gh 7.9k, pushed 2026-09	3		high	Band 3 NLP pipeline, active
corenlp	Stanford CoreNLP	software	stanford-nlp	TAIL_OK		gh 10.1k, pushed 2026-09 (Maven, not fetched)	3 (stars cap)		med	Stanza is the same group's Python successor; promote one, keep CoreNLP tail
flair	Flair	software	flairnlp	TAIL_OK		pypi 51k/mo; gh 14.4k, pushed 2025-10	2		med	Primary channel band 2; activity slowing
textblob	TextBlob	software	sloria	PROMOTE		pypi 2.86M/mo; gh 9.5k, pushed 2026-09	4		med	Band 4, though it is a simplified API over NLTK
torchvision	torchvision	software	pytorch-foundation	PROMOTE		pypi 15.8M/mo; gh 17.9k, pushed 2026-09	5		high	Band 5 (partly co-installed with torch); core vision library, arguably a round-1 miss
detectron2	Detectron2	software	meta	PROMOTE		gh 34.7k stars, pushed 2026-08 (not on PyPI)	3 (stars cap)		med	Stars at cap and still maintained; canonical detection/segmentation codebase
mmdetection	MMDetection	software	open-mmlab	TAIL_OK		pypi mmdet 130k/mo; gh 33.0k, last push 2024-08	3		high	Abandoned: no push in over two years, as the sweep flagged
kornia	Kornia	software	kornia	PROMOTE		pypi 2.18M/mo; gh 11.4k, pushed 2026-09	4	rung 1 primitives peer to opencv	high	Band 4 CV primitives
albumentations	Albumentations	software	albumentations-team	TAIL_OK		pypi albumentationsx 8.0k/mo; gh 560	1		high	AlbumentationsX successor has little adoption yet; the archived MIT package holds the downloads
supervision	supervision	software	roboflow	PROMOTE		pypi 820k/mo; gh 51.1k, pushed 2026-09	3		high	Band 3, active, widely starred
scikit-image	scikit-image	software	scikit-image	PROMOTE		pypi 24.1M/mo; gh 6.6k, pushed 2026-09	5	rung 1 primitives	high	Band 5; strongest remaining row, arguably a round-1 miss
mediapipe	MediaPipe	software	google	PROMOTE		pypi 1.84M/mo; gh 37.1k, pushed 2026-09	4	on-device perception	high	Band 4, Google, active
paddledetection	PaddleDetection	software	paddlepaddle	PROMOTE		gh 14.4k stars, pushed 2026-05 (no pypi declared)	3 (stars cap)		low	Stars at cap but no download channel declared; weaker than detectron2
monai	MONAI	software	project-monai	PROMOTE		pypi 824k/mo; gh 8.7k, pushed 2026-09	3	medical imaging toolkit, no head peer	high	Band 3 and sole medical-imaging toolkit
lightly	Lightly	software	lightly-ai	TAIL_OK		pypi 85k/mo; gh 3.8k	2		med	Just under band 3
lightly-train	LightlyTrain	software	lightly-ai	TAIL_OK		pypi 3.2k/mo; gh 1.7k	1		high	Small adoption, same vendor as lightly
fastai	fastai	software	fastai	PROMOTE		pypi 326k/mo; gh 28.2k, pushed 2026-09	3		high	Band 3, active
dlib	dlib	software	davisking	PROMOTE		pypi 175k/mo; gh 14.4k, pushed 2026-09	3	face/landmark primitives	med	Band 3; will defer on BSL-1.0 until ruled
insightface	InsightFace	software	deepinsight	PROMOTE		pypi 932k/mo; gh 29.8k, pushed 2026-09	3	face analysis, no head peer	med	Band 3 high end; code MIT but NC models and no root LICENSE, expect deferral
torchgeo	TorchGeo	software	torchgeo	TAIL_OK		pypi 42k/mo; gh 4.2k	2		med	Band 2
darts	Darts	software	unit8	PROMOTE		pypi 154k/mo; gh 9.5k, pushed 2026-09	3		med	Band 3 forecasting toolkit
statsforecast	StatsForecast	software	nixtla	PROMOTE		pypi 1.34M/mo; gh 4.9k, pushed 2026-09	4		high	Band 4 forecasting library
neuralforecast	NeuralForecast	software	nixtla	PROMOTE		pypi 128k/mo; gh 4.3k, pushed 2026-09	3		low	Just over floor; same vendor as statsforecast
pmdarima	pmdarima	software	alkaline-ml	PROMOTE		pypi 1.62M/mo; gh 1.7k, pushed 2025-11	4		med	Band 4 but activity slowing
gluonts	GluonTS	software	amazon-web-services	PROMOTE		pypi 280k/mo; gh 5.2k, pushed 2026-07	3		med	Band 3 probabilistic forecasting
flaml	FLAML	software	microsoft	PROMOTE		pypi 324k/mo; gh 4.4k, pushed 2026-09	3	AutoML peer to autogluon	med	Band 3 AutoML
pycaret	PyCaret	software	pycaret	PROMOTE		pypi 225k/mo; gh 9.8k, pushed 2026-07	3		med	Band 3; will defer on FSL-1.1-MIT
tpot	TPOT	software	epistasislab	TAIL_OK		pypi 14k/mo; gh 10.1k, pushed 2025-09	2		high	Band 2 and past 12-month activity window
auto-sklearn	auto-sklearn	software	automl-freiburg	TAIL_OK		pypi 4.3k/mo; gh 8.1k	1		high	Small adoption
dino	DINO (DINOv2, DINOv3)	model	meta	PROMOTE		hf family 9.9M/mo (dinov3 flagship 630k); gh 11.4k	4	general vision backbone, no head model row	high	Band 4 (near 5); strongest model row, arguably a round-1 miss; DINOv3 License defers
radio	C-RADIO	model	nvidia	TAIL_OK		hf family 62k/mo; gh 2.0k	2		med	Band 2
depth-anything	Depth Anything	model	bytedance-seed-volcano-engine	PROMOTE		hf family 4.6M/mo (DA3 flagship 104k); gh 6.4k	4	depth estimation has no head	high	Band 4 and sole depth line
depth-pro	Depth Pro	model	apple	TAIL_OK		hf family 32k/mo; gh 5.7k	2		med	Band 2; depth-anything covers the segment
rt-detr	RT-DETR	model	lyuwenyu	PROMOTE		hf family 2.1M/mo; gh 5.6k, pushed 2026-09	4	open detector peer to rf-detr	high	Band 4
d-fine	D-FINE	model	peterande	TAIL_OK		hf family 94k/mo; gh 3.3k	2		med	Just under band 3; RT-DETR derivative
deim	DEIM	model	intellindust	TAIL_OK		gh 1.6k, no HF id	1-2		med	Small; D-FINE derivative
birefnet	BiRefNet	model	zhengpeng7	PROMOTE		hf family 1.28M/mo; gh 4.2k, MIT	4	background removal/matting has no head	high	Band 4, permissive open alternative to RMBG
rmbg	BRIA RMBG	model	bria-ai	PROMOTE		hf family 874k/mo	3		med	Band 3; BRIA weights likely non-commercial, contrast with birefnet
segformer	SegFormer	model	nvidia	TAIL_OK		hf family 1.08M/mo; repo last push 2024-08	4		med	Downloads real but repo dormant two years and it is a legacy architecture checkpoint; sweep said recheck
sapiens	Sapiens	model	meta	PROMOTE		hf family 108k/mo over 80 SKUs (flagship 35k); gh 961	3	human-centric vision	low	Family sum just over band 3 floor; Sapiens2 License defers
segment-anything	Segment Anything (SAM)	model	meta	PROMOTE		hf sam3 2.1M/mo (family 3.4M); gh 11.8k	4	segmentation model line, no head	high	Band 4; SAM License defers; arguably a round-1 miss
eomt	EoMT	model	tue-mps	PROMOTE		hf family 118k/mo; gh 627	3		low	Family sum just over floor, low stars
cotracker	CoTracker	model	meta	TAIL_OK		hf 18.6k/mo; gh 5.1k	2	only point-tracking model	med	Band 2; tracking segment only product, promote if a gap statement needs it
sap-rpt-1	SAP RPT-1 (OSS)	model	sap	TAIL_OK		hf 95k/mo; gh 190	2		med	Just under floor; open-satellite question unresolved
limix	LimiX	model	stable-ai	TAIL_OK		hf 9k/mo; gh 4.3k	1		med	Small downloads
tabfm	TabFM	model	google-research	TAIL_OK		hf 34k/mo; gh 2.7k	2		med	Band 2, non-commercial
nori	Nori	model	synthefy	PROMOTE		hf family 270k/mo; pypi 17k/mo	3	third tabular FM	low	Band 3 on HF but startup with 14 likes; downloads may be automated
tabstar	TabSTAR	model	alanarazi7	TAIL_OK		hf family 99,982/mo; pypi 4.4k	2 (at floor)		low	Sits exactly at the band 3 boundary
exaone-tabular	EXAONE Tabular	model	lg-ai-research	TAIL_OK		hf 67k/mo; gh 66	2		med	Band 2, NC license
