slug	github	pypi
scikit-learn	scikit-learn/scikit-learn	scikit-learn
xgboost	dmlc/xgboost	xgboost
lightgbm	microsoft/LightGBM	lightgbm
catboost	catboost/catboost	catboost
statsmodels	statsmodels/statsmodels	statsmodels
imbalanced-learn	scikit-learn-contrib/imbalanced-learn	imbalanced-learn
pyod	yzhao062/pyod	pyod
umap	lmcinnes/umap	umap-learn
hdbscan	scikit-learn-contrib/hdbscan	hdbscan
cuml	rapidsai/cuml	cuml-cu12
river	online-ml/river	river
skrub	skrub-data/skrub	skrub
mlpack	mlpack/mlpack	mlpack
h2o-3	h2oai/h2o-3	h2o
spacy	explosion/spaCy	spacy
nltk	nltk/nltk	nltk
gensim	piskvorky/gensim	gensim
stanza	stanfordnlp/stanza	stanza
flair	flairNLP/flair	flair
fasttext	facebookresearch/fastText	fasttext
corenlp	stanfordnlp/CoreNLP	
textblob	sloria/TextBlob	textblob
opencv	opencv/opencv	opencv-python
opencv-python	opencv/opencv-python	
timm	huggingface/pytorch-image-models	timm
torchvision	pytorch/vision	torchvision
ultralytics	ultralytics/ultralytics	ultralytics
detectron2	facebookresearch/detectron2	
mmdetection	open-mmlab/mmdetection	mmdet
mmsegmentation	open-mmlab/mmsegmentation	mmsegmentation
mmcv	open-mmlab/mmcv	mmcv
mmpretrain	open-mmlab/mmpretrain	mmpretrain
mmpose	open-mmlab/mmpose	mmpose
kornia	kornia/kornia	kornia
albumentations	albumentations-team/albumentations	albumentations
albumentationsx	albumentations-team/AlbumentationsX	albumentationsx
supervision	roboflow/supervision	supervision
scikit-image	scikit-image/scikit-image	scikit-image
mediapipe	google-ai-edge/mediapipe	mediapipe
paddledetection	PaddlePaddle/PaddleDetection	
paddlex	PaddlePaddle/PaddleX	paddlex
monai	Project-MONAI/MONAI	monai
lightly	lightly-ai/lightly	lightly
lightly-train	lightly-ai/lightly-train	lightly-train
fastai	fastai/fastai	fastai
dlib	davisking/dlib	dlib
insightface	deepinsight/insightface	insightface
torchgeo	microsoft/torchgeo	torchgeo
fiftyone	voxel51/fiftyone	fiftyone
roboflow-inference	roboflow/inference	inference
dinov2	facebookresearch/dinov2	
dinov3	facebookresearch/dinov3	
sam3	facebookresearch/sam3	
depth-anything-3	ByteDance-Seed/Depth-Anything-3	depth-anything-3
depth-anything-v2	DepthAnything/Depth-Anything-V2	
rt-detr	lyuwenyu/RT-DETR	
rf-detr	roboflow/rf-detr	rfdetr
d-fine	Peterande/D-FINE	
deim	Intellindust-AI-Lab/DEIM	
yolov12	sunsmarterjie/yolov12	
yolov10	THU-MIG/yolov10	
yolov9	WongKinYiu/yolov9	
birefnet	ZhengPeng7/BiRefNet	
segformer	NVlabs/SegFormer	
mask2former	facebookresearch/Mask2Former	
sapiens	facebookresearch/sapiens	
eomt	tue-mps/eomt	
grounding-dino	IDEA-Research/GroundingDINO	
cotracker	facebookresearch/co-tracker	
tabpfn	PriorLabs/TabPFN	tabpfn
tabicl	soda-inria/tabicl	tabicl
sap-rpt-1-oss	SAP-samples/sap-rpt-1-oss	
limix	limix-ldm/LimiX	
sktime	sktime/sktime	sktime
darts	unit8co/darts	darts
statsforecast	Nixtla/statsforecast	statsforecast
neuralforecast	Nixtla/neuralforecast	neuralforecast
prophet	facebook/prophet	prophet
pmdarima	alkaline-ml/pmdarima	pmdarima
gluonts	awslabs/gluonts	gluonts
autogluon	autogluon/autogluon	autogluon
flaml	microsoft/FLAML	flaml
pycaret	pycaret/pycaret	pycaret
tpot	EpistasisLab/tpot	tpot
auto-sklearn	automl/auto-sklearn	auto-sklearn
optuna	optuna/optuna	optuna
hyperopt	hyperopt/hyperopt	hyperopt
shap	shap/shap	shap
lime	marcotcr/lime	lime
captum	pytorch/captum	captum
interpret	interpretml/interpret	interpret
