id	utc_timestamp	tool	query_or_url	excerpt
W0001	2026-09-26T20:00:26Z	WebSearch	most downloaded Python machine learning libraries PyPI 2026 scikit-learn xgboost lightgbm	scikit-learn is still the default toolset for classical modeling, while XGBoost, LightGBM, and CatBoost continue to dominate structured data problems (datacamp/anaconda/bacancy 2026 lists)
W0002	2026-09-26T20:00:26Z	WebSearch	new open source object detection model 2026 real-time DETR YOLO release Apache-2.0	RF-DETR ... Apache 2.0 licensed ... accepted at ICLR 2026 (github.com/roboflow/rf-detr); YOLO26, released January 2026 ... recent YOLO releases are AGPL-3.0; D-FINE ... fully open under Apache 2.0
W0003	2026-09-26T20:00:26Z	WebSearch	tabular foundation model 2025 2026 TabPFN open source release	TabPFN-3, was released in May 2026 (arxiv 2605.13986); source code ... under a modified Apache License; TabICLv2 (ICML 2026) is also open source ... github.com/soda-inria/tabicl; LimiX-2M arxiv 2606.04485
W0004	2026-09-26T20:00:26Z	WebSearch	DINOv3 SAM 3 release Meta vision backbone license 2025	DINOv3 ... released in 2025 ... open sourced backbones under a commercial license (ai.meta.com/dinov3); Released on November 19th, 2025, Segment Anything 3 (SAM 3) (arxiv 2511.16719)
W0005	2026-09-26T20:00:26Z	WebSearch	awesome computer vision libraries github 2026 list kornia albumentations supervision	MMCV is a foundational computer vision library from OpenMMLab ... MMDetection, MMSegmentation, MMTracking, MMAction2; Supervision is a Python library designed for efficient computer vision pipeline management
W0006	2026-09-26T20:00:46Z	WebSearch	time series forecasting library python 2026 sktime darts statsforecast nixtla comparison	Darts is a Python library for user-friendly forecasting and anomaly detection ... sktime mimics the popular machine learning library's style ... statsforecast is a lightning fast forecasting library ... developed by Nixtla
W0007	2026-09-26T20:00:46Z	WebSearch	spaCy NLTK gensim Stanza classical NLP library 2026 still maintained release	Gensim is used for topic modeling (LDA) and efficient word embeddings ... Stanza is the Stanford NLP Group's official Python NLP library
W0008	2026-09-26T20:00:46Z	WebSearch	"alternatives to scikit-learn" 2026 new ML library skrub cuML river	Dask's DataFrame, Array and Dask-ML are alternatives ... ML.NET ... MLlib (Apache Spark) ... Mlpack (known for efficient binary sizes)
W0009	2026-09-26T20:00:46Z	WebSearch	open source image segmentation / depth estimation model 2026 release Depth Anything 3 license	Depth Anything 3 ... created by ByteDance Seed (bytedance-seed/depth-anything-3) ... available on PyPI (pypi.org/project/depth-anything-3)
W0010	2026-09-26T20:00:46Z	WebSearch	hyperparameter optimization AutoML library 2026 Optuna AutoGluon FLAML release	AutoGluon is very active with a broad AutoML stack supporting tabular, time series, multimodal ... FLAML is active, lightweight, and focused on resource-aware AutoML (mljar.com open-source AutoML projects in 2026)
W0011	2026-09-26T20:05:47Z	WebSearch	Google TabFM tabular foundation model release 2026	On June 30, 2026, Google Research published TabFM ... scikit-learn-compatible API, pretrained weights, and a GitHub repo (github.com/google-research/tabfm) ... weights distributed under the tabfm-non-commercial-v1.0 license
W0012	2026-09-26T20:05:47Z	WebSearch	NVIDIA C-RADIO v3 vision foundation backbone license huggingface	C-RADIO v3 is a collection of Foundation Vision Models that combine multiple models (CLIP, DINOv2, SAM, etc.) ... governed by the NVIDIA Open Model License Agreement (huggingface.co/nvidia/C-RADIOv3-H; github.com/nvlabs/radio)
W0013	2026-09-26T20:05:47Z	WebSearch	Falcon Perception TII open vocabulary segmentation model 2026	Falcon Perception is a 0.6B-parameter early-fusion Transformer for open-vocabulary grounding and segmentation from natural language prompts ... TII announced Falcon Perception on 31 March 2026 (arxiv 2603.27365)
W0014	2026-09-26T20:05:47Z	WebSearch	gradient boosting library new 2025 2026 PerpetualBooster ngboost open source release	Perpetual is a high-performance gradient boosting machine ... Rust core and zero-copy bindings for Python and R (github.com/perpetual-ml/perpetual); NGBoost ... developed by Stanford
W0015	2026-09-26T20:05:47Z	WebSearch	Meta Perception Encoder vision backbone release license PE core	Perception Encoder (PE) is a state-of-the-art encoder for image and video understanding trained via simple vision-language learning ... github.com/facebookresearch/perception_models ... license: apache-2.0
W0016	2026-09-26T20:08:15Z	WebSearch	OpenCV 5.0 release 2026	OpenCV 5.0 was released ... with the release announced on June 6, 2026 ... rewritten deep neural network (DNN) engine, ONNX coverage surpassing 80% (phoronix; opencv.org/opencv-5)
W0017	2026-09-26T20:08:15Z	WebSearch	spaCy Explosion 2025 2026 maintenance status future of spaCy	spaCy 3.8.16 released on August 24, 2026 ... Explosion (the company behind spaCy) is operating as a smaller, independent company, with spaCy and Prodigy remaining stable and sustainable
W0018	2026-09-26T20:08:15Z	WebSearch	Ultralytics enterprise license AGPL-3.0 YOLO commercial use	Ultralytics offers two licensing options: AGPL-3.0 License ... and an Enterprise License for commercial use (ultralytics.com/license)
W0019	2026-09-26T20:08:15Z	WebSearch	computer vision library github trending 2026 new open-source detection segmentation toolkit	Ultralytics YOLO26, YOLO11, and YOLOv8 support object detection, instance segmentation ... YOLOv12-N reaches 40.6% COCO mAP ... Detectron2 is Meta's PyTorch-based framework
W0020	2026-09-26T20:13:23Z	WebFetch	https://github.com/apple/ml-depth-pro	No archived indication; "7 Commits"; "5.7k stars"; "This sample code is released under the LICENSE terms" and "The model weights are released under the LICENSE terms"; no releases enumerated; latest commit date not shown
