id	fetched_at_utc	http	bytes	sha256	url	label
F0001	2026-09-26T20:02:22Z	200	340193	8cf10c6c359eceadd67e5e45a47074d5e1ed9b9eaff374e39ad857fcf75d4642	https://www.amd.com/en/products/accelerators/instinct/mi350.html	AMD Instinct MI350
F0002	2026-09-26T20:02:22Z	200	173831	052e63aae823fa429dc0381b01147f1ae68ad25b84b4096ea56cc2602c7def57	https://cloud.google.com/tpu/docs/tpu7x	Google TPU Ironwood (tpu7x) docs
F0003	2026-09-26T20:02:22Z	200	321473	e177c9c27fd8399970159b070151bab769085caa2bc5be2edbd6d287faf61624	https://www.amd.com/en/products/accelerators/instinct/mi400.html	AMD Instinct MI400
F0004	2026-09-26T20:02:22Z	200	265729	9458b37950345461e9613f32cf42a644031a065e53de44e266ab8ba885c4bc6b	https://www.nvidia.com/en-us/data-center/technologies/rubin/	NVIDIA Rubin
F0005	2026-09-26T20:02:22Z	200	265784	5f3b86b2add059ff770c1dd9b27f629ab0ad0ed91b7a8b7e5c1d8240a26e0edd	https://www.amd.com/en/products/accelerators/instinct.html	AMD Instinct products
F0006	2026-09-26T20:02:22Z	200	174176	fcff8dc911588ef925b7a874b0f4098e011b110aba37355bc5e56835f8f0d180	https://cloud.google.com/tpu/docs/system-architecture-tpu-vm	Google TPU versions overview
F0007	2026-09-26T20:02:22Z	200	468068	7ac46047ef13910a60f102278911fed2aaf0cd20bae593b9ab1d5aeb3a6c7443	https://aws.amazon.com/ai/machine-learning/inferentia/	AWS Inferentia page
F0008	2026-09-26T20:02:22Z	200	427117	65c79a2ff851813036019f11389184caa62b5e6ce72fca2b221201acf53250a8	https://aws.amazon.com/ai/machine-learning/trainium/	AWS Trainium page
F0009	2026-09-26T20:02:22Z	200	299906	17e2f9dc577163fc25fac724344dfaefc914e51f83234755d30d29aa51bd4b26	https://www.nvidia.com/en-us/data-center/gb300-nvl72/	NVIDIA GB300 NVL72
F0010	2026-09-26T20:02:22Z	200	302671	2b0fc4a0ad1c2c123bfd4389dd00cd87b512bfe9690bddb2b464eefdf8ad2a8d	https://aws.amazon.com/about-aws/whats-new/2025/12/amazon-ec2-trn3-ultraservers/	AWS Trn3 GA whats-new
F0011	2026-09-26T20:02:22Z	200	305875	b748ca2ca58ba9b85d489747c28c0012ac96fb4ae450313c43b403ef2385a9ae	https://www.nvidia.com/en-us/data-center/technologies/blackwell-architecture/	NVIDIA Blackwell architecture
F0012	2026-09-26T20:02:22Z	403	479	c39bdf0ce21f229a5dd7e7e10fbf2e876193ce50b169c34657466929486aa93e	https://www.intel.com/content/www/us/en/products/details/processors/ai-accelerators/gaudi.html	Intel Gaudi product page
F0013	2026-09-26T20:03:07Z	404	51864	8eae422aced4c1819cc46d4eded5a7153b73b384bcb2bb2670242109500fb9eb	https://rebellions.ai/rebellions-product/rebel-quad/	vendor page
F0014	2026-09-26T20:03:06Z	200	213449	46c4bbae9f16726ea84ad7d96ed42e58118e78c8bd232b5b680c369004aa5c3c	https://ai.meta.com/blog/meta-mtia-scale-ai-chips-for-billions/	vendor page
F0015	2026-09-26T20:03:06Z	200	84445	bf663c1a025bc3a3c5a24cbeda9d67013db5b3dbb488890b4030c6678a106dd3	https://www.d-matrix.ai/announcements/d-matrix-corsair-ai-inference-platform-enters-full-production-to-meet-customer-demand/	vendor page
F0016	2026-09-26T20:03:05Z	200	42014	ecdf2a4d3acb82999a8fdf678bc27ea8d0ad8750dbc3a5a4141f02aaedcbebd0	https://www.positron.ai/atlas	vendor page
F0017	2026-09-26T20:03:05Z	200	76993	fde783ade64bbcd59179b61a0d87114d5e363a929119fcda855feae38116819c	https://groq.com/newsroom/groq-and-nvidia-enter-non-exclusive-inference-technology-licensing-agreement-to-accelerate-ai-inference-at-global-scale	vendor page
F0018	2026-09-26T20:03:06Z	200	312273	350d27acfbb4da7247f7b557148d4c9048496d8954e6a1df3029dcdf754b39b8	https://tenstorrent.com/en/hardware/cards	vendor page
F0019	2026-09-26T20:03:05Z	200	76375	36399515e9c720e5b49fdb928b2ec44b6f81ebfc27a176c0b13947d7e9546ae6	https://groq.com/lpu-architecture	vendor page
F0020	2026-09-26T20:03:06Z	200	200817	802ad23619a2cc4d98bc006456a6dd6ac8525ae6b35d02b82e4df057bc7eca86	https://sambanova.ai/products/sn40l-rdu-ai-chip	vendor page
F0021	2026-09-26T20:03:06Z	200	413514	3735c6f6866b452c82f7697ff34e4c334379c4a759974929685bf13baca6809f	https://www.cerebras.ai/cs4	vendor page
F0022	2026-09-26T20:03:06Z	200	167799	d58a40b54045d933758268b8fa7e173da916c6b35e7c3505e54be0cdbba1b593	https://tenstorrent.com/en/hardware/galaxy	vendor page
F0023	2026-09-26T20:03:06Z	200	149324	6cfa67d6b1e1c0bc09c8ef1c5d5d1229c52a126cc94941ea6fca7e5ac54dc753	https://furiosa.ai/rngd	vendor page
F0024	2026-09-26T20:03:06Z	200	279657	49e344233bde41eae04f1c0f19680e9f968be7f71f6cf7fd89e7f319563257dd	https://www.cerebras.ai/chip	vendor page
F0025	2026-09-26T20:03:06Z	200	139820	28bc628e0357b38dd113abeaba847e3d4d7aa0d7761367aaddbd439f4969fd9f	https://blogs.microsoft.com/blog/2026/01/26/maia-200-the-ai-accelerator-built-for-inference/	vendor page
F0026	2026-09-26T20:03:06Z	200	312273	350d27acfbb4da7247f7b557148d4c9048496d8954e6a1df3029dcdf754b39b8	https://tenstorrent.com/en/hardware/blackhole	vendor page
F0027	2026-09-26T20:03:06Z	404	297313	011517ee6fa4a8d09a36fcc8a8345cf7bd3f1fba416b3f63573f3f2be8ed117c	https://www.nvidia.com/en-us/data-center/groq-3-lpx/	vendor page
F0028	2026-09-26T20:03:05Z	200	144944	b229ba99961ac19c919da38fc34debc2ec11e637bf257940add256e436cbe734	https://sambanova.ai/blog/introducing-the-sn50-rdu-purpose-built-for-agentic-inference	vendor page
F0029	2026-09-26T20:03:41Z	200	48223	164c0b5e08c31b17b84ef03c6750bf87576b668c96fc31be4ef04ee3c944a7fa	https://www.metax-tech.com/en/goods/prod.html?cid=107&id=68	vendor page
F0030	2026-09-26T20:03:42Z	403	2785	9e3a5459cb688fca05d2b495ef5d8ed81b3ecd7bc340595d69a20c7183cbb65e	https://www.enflame-tech.com/	vendor page
F0031	2026-09-26T20:03:40Z	200	109499	3a7351742a0c89a56c3c26c0a284aedeca75cdd46828f4c4d5030a3343cb593b	https://www.huawei.com/en/news/2026/3/mwc-superpod-ai	vendor page
F0032	2026-09-26T20:03:41Z	200	38095	c8d167d94c5e79d59d6ccc664e5b49749ee48173563871580fb941714046d955	https://www.cambricon.com/index.php?m=content&c=index&a=lists&catid=360	vendor page
F0033	2026-09-26T20:03:42Z	200	25069	3744402bf983f6bebc951913c0212373d5c6e772497e6f57655c71853ef6de6c	https://www.kunlunxin.com/	vendor page
F0034	2026-09-26T20:03:40Z	200	7354	83fbf7c4bd0cabbcb9b2d4f05c281878460d7861ab06a68a86734db6f8dbd534	https://matx.com/	vendor page
F0035	2026-09-26T20:03:40Z	200	88334	a8823d3c9c30d4183f1ed3c3653f53fb3d223a45116180a7c56a2414e9bed085	https://www.graphcore.ai/	vendor page
F0036	2026-09-26T20:03:42Z	200	142666	d7675ba434c3fc2b36dcc7fe4100b58f3b542b07ff9ceb87cb3945e2af4f7b41	https://en.mthreads.com/product/S5000	vendor page
F0037	2026-09-26T20:03:40Z	200	228356	88460025f1c71f1319fdeb07cd2b235f87801b36324dcf0add23ef01e8753d8e	https://technode.com/2026/09/22/t-head-unveils-zhenwu-v900-ai-chip-in-alibabas-push-to-expand-its-ai-infrastructure-stack/	vendor page
F0038	2026-09-26T20:03:42Z	404	2507	a58041e610c87d38d694a0fdd8fbfa7dd13617da83614ad9c36c5aa889bf1688	https://www.birentech.com/en/product.html	vendor page
F0039	2026-09-26T20:03:40Z	200	114222	f91d312939dd03b26fa7050aa71841f3d901bbf24ebd87f669288d6287f6d1cf	https://lightmatter.co/	vendor page
F0040	2026-09-26T20:03:40Z	200	265968	e55e768d776b9ac89eb60ce50708ee5d751c451631a83335ae5ad8a7a0418856	https://www.etched.com/	vendor page
F0041	2026-09-26T20:03:44Z	404	67956	6e68242b3dfb3f984f9dda67c3b3801da6a9063b28940f6e2c72cb79fbb4c036	https://www.hiascend.com/en/hardware/product	vendor page
F0042	2026-09-26T20:03:40Z	200	192133	5db1928977a91a0fa11e6404cb29e30dbadb26d32044234dfe8acac3d82888b0	https://www.fractile.ai/	vendor page
F0043	2026-09-26T20:03:40Z	200	9669	45cde3a08792d87712da5210cfc1015161f7de8f6e83b2c070c628eecd422db3	https://www.qualcomm.com/artificial-intelligence/data-center	vendor page
F0044	2026-09-26T20:03:40Z	307	1303	7d6e00a45a965102c032029c1ac49a29770265be73dead9fa6022d6636e14132	https://taalas.com/	vendor page
F0045	2026-09-26T20:03:40Z	200	245304	2f588e87dbbe5cd4514c54a475ccd85a00062d40de411967d06785759cb398d9	https://www.nextsilicon.com/	vendor page
F0046	2026-09-26T20:03:41Z	200	81867	6249bca7629e5b185d6e80aa6de196b75a14f7da23865988ee5206ff045e8392	https://rebellions.ai/	vendor page
F0047	2026-09-26T20:04:46Z	404	32	648584acecbc9e40f39145d268a9fb68964f2fac8774773bea29a23e3c741261	https://repos.ecosyste.ms/api/v1/hosts/GitHub/repositories/ROCm%2FROCm	ecosystems repo ROCm%2FROCm
F0048	2026-09-26T20:04:46Z	200	3308	9941ee7592beea167694eae49be7c19dbf233a85ced274abe111e5d06200ec16	https://repos.ecosyste.ms/api/v1/hosts/GitHub/repositories/ROCm%2Famdgpu	ecosystems repo ROCm%2Famdgpu
F0049	2026-09-26T20:04:46Z	200	3027	27f93b9ca982160d35cc13f07e1cea2c9a366b9cf0ac73d3b2f6bff51833bf6f	https://repos.ecosyste.ms/api/v1/hosts/GitHub/repositories/ucb-bar%2Fgemmini	ecosystems repo ucb-bar%2Fgemmini
F0050	2026-09-26T20:04:46Z	200	3043	053f11915d0ce6cd1f8e27f8e1f251f0a4e5f74e8d152868ea24b22b71f3a0bd	https://repos.ecosyste.ms/api/v1/hosts/GitHub/repositories/aws-neuron%2Fnki-samples	ecosystems repo aws-neuron%2Fnki-samples
F0051	2026-09-26T20:04:46Z	200	3076	68c80010046365ba077ef696be3d82ba3cbc18cb22e6b43d116a3cebd1a796bc	https://repos.ecosyste.ms/api/v1/hosts/GitHub/repositories/tenstorrent%2Ftt-kmd	ecosystems repo tenstorrent%2Ftt-kmd
F0052	2026-09-26T20:04:46Z	200	9037	88aca0b50d6c8a3c08319bf19c9149cde0337900d646fa0e8d94cef2a17bffbb	https://repos.ecosyste.ms/api/v1/hosts/GitHub/repositories/NVIDIA%2Fopen-gpu-kernel-modules	ecosystems repo NVIDIA%2Fopen-gpu-kernel-modules
F0053	2026-09-26T20:04:46Z	200	3236	265001f2d24665b786130a30ce36d67048a9d3dbe37942ccc59e663c6b83d196	https://repos.ecosyste.ms/api/v1/hosts/GitHub/repositories/vortexgpgpu%2Fvortex	ecosystems repo vortexgpgpu%2Fvortex
F0054	2026-09-26T20:04:46Z	200	3427	539f460ed9c5c82c63f5c44c2ecc7770e493941eed689c9d9561a696f5b79f58	https://repos.ecosyste.ms/api/v1/hosts/GitHub/repositories/quic%2Fcloud-ai-sdk	ecosystems repo quic%2Fcloud-ai-sdk
F0055	2026-09-26T20:04:46Z	200	3319	d80770827270f51c366b144143bc9caf97c862ba9866d58e8bfc770a31abe630	https://repos.ecosyste.ms/api/v1/hosts/GitHub/repositories/tenstorrent%2Ftt-forge	ecosystems repo tenstorrent%2Ftt-forge
F0056	2026-09-26T20:04:46Z	200	2952	a095e1bdd277a2c648447dfff6ecbfe44552d691fec35c4e84813d115851b499	https://repos.ecosyste.ms/api/v1/hosts/GitHub/repositories/Cerebras%2Fmodelzoo	ecosystems repo Cerebras%2Fmodelzoo
F0057	2026-09-26T20:04:46Z	404	32	648584acecbc9e40f39145d268a9fb68964f2fac8774773bea29a23e3c741261	https://repos.ecosyste.ms/api/v1/hosts/GitHub/repositories/rebellions-sw%2Frbln-model-zoo	ecosystems repo rebellions-sw%2Frbln-model-zoo
F0058	2026-09-26T20:04:46Z	200	2884	6a9ae921b31303e2bb9b2c8d06358240cad9b4a1db3ebc4324c878d0f47fa3ce	https://repos.ecosyste.ms/api/v1/hosts/GitHub/repositories/Cambricon%2Ftorch_mlu	ecosystems repo Cambricon%2Ftorch_mlu
F0059	2026-09-26T20:04:46Z	200	2672	05c0d608b059d61e318767c2332fe6474f5ff91dbca9956bc22e557fbbb76e5a	https://repos.ecosyste.ms/api/v1/hosts/GitHub/repositories/nvdla%2Fhw	ecosystems repo nvdla%2Fhw
F0060	2026-09-26T20:04:46Z	200	3155	4a1f483dcc1b3ca8b915f0def3fd24bde9cbf56c0ff1f2065bbd8efcbbc9fd48	https://repos.ecosyste.ms/api/v1/hosts/GitHub/repositories/MooreThreads%2Ftorch_musa	ecosystems repo MooreThreads%2Ftorch_musa
F0061	2026-09-26T20:04:46Z	200	3064	8c53e6dbf60e437a81d068b0780b2c7a35b36c9a5bc6c316ceb1f7734747f957	https://repos.ecosyste.ms/api/v1/hosts/GitHub/repositories/sambanova%2Fai-starter-kit	ecosystems repo sambanova%2Fai-starter-kit
F0062	2026-09-26T20:04:46Z	200	2597	8088f10a937aea3e5504f9f8d00dc516abc41f77b6947d762dfac0220616e297	https://repos.ecosyste.ms/api/v1/hosts/GitHub/repositories/graphcore%2Fpoplibs	ecosystems repo graphcore%2Fpoplibs
F0063	2026-09-26T20:04:46Z	200	11369	d3e993ad78aaa61d377d0382b0540eaa6d66a10edbcf76bd1630cd1dbef89bbb	https://repos.ecosyste.ms/api/v1/hosts/GitHub/repositories/furiosa-ai%2Ffuriosa-sdk	ecosystems repo furiosa-ai%2Ffuriosa-sdk
F0064	2026-09-26T20:04:46Z	200	3393	4ac8b310ad5b7a0f70d64811ca19524fb2d1fb61c81977c5a501693e3b0c9930	https://repos.ecosyste.ms/api/v1/hosts/GitHub/repositories/aws-neuron%2Faws-neuron-sdk	ecosystems repo aws-neuron%2Faws-neuron-sdk
F0065	2026-09-26T20:04:46Z	200	3642	ff6830a978bb7eb1fb4dd822fb0058cdf57a596a602bd07868042c3b8f97639a	https://repos.ecosyste.ms/api/v1/hosts/GitHub/repositories/tenstorrent%2Ftt-metal	ecosystems repo tenstorrent%2Ftt-metal
F0066	2026-09-26T20:04:46Z	200	3204	3185c383e592b0b1fb0c5cfee34bc9fa3058f81053b3a3bcc5cfe4ab9ea96cec	https://repos.ecosyste.ms/api/v1/hosts/GitHub/repositories/HabanaAI%2FGaudi-tutorials	ecosystems repo HabanaAI%2FGaudi-tutorials
F0067	2026-09-26T20:05:05Z	200	19391	d8e96d29bc323000e7ba56102d77c88226a7a3d0d94e2081cb4b071ae9de4a06	https://raw.githubusercontent.com/NVIDIA/open-gpu-kernel-modules/HEAD/COPYING	NVIDIA open-gpu-kernel-modules COPYING
F0068	2026-09-26T20:05:05Z	200	4252	d27d32b54ad7b30ecd817c531a83244d4f66b549e3a1ccdc1202ee1c0042d31b	https://raw.githubusercontent.com/MooreThreads/torch_musa/HEAD/LICENSE	torch_musa LICENSE
F0069	2026-09-26T20:05:05Z	200	10173	a6cba85bc92e0cff7a450b1d873c0eaa2e9fc96bf472df0247a26bec77bf3ff9	https://raw.githubusercontent.com/tenstorrent/tt-metal/HEAD/LICENSE	tt-metal LICENSE
F0070	2026-09-26T20:05:05Z	200	1735	dd917253c5ce8d820ed5f72345e39fbf833464870dce8c4207e88fa26f1525dd	https://raw.githubusercontent.com/quic/cloud-ai-sdk/HEAD/LICENSE	quic cloud-ai-sdk LICENSE
F0071	2026-09-26T20:05:05Z	200	3099	42f343b0adb2f4bae991fc9626fbd43e845d11190def314be53cd011a89eabba	https://repos.ecosyste.ms/api/v1/hosts/GitHub/repositories/HabanaAI%2FModel-References	ecosystems HabanaAI/Model-References
F0072	2026-09-26T20:05:05Z	404	14	d5558cd419c8d46bdc958064cb97f963d1ea793866414c025906ec15033512ed	https://raw.githubusercontent.com/furiosa-ai/furiosa-sdk/HEAD/LICENSE	furiosa-sdk LICENSE
F0073	2026-09-26T20:05:05Z	200	14869	a8f88cf9ae1075eece827dc123dcc279aa8e596b32ac36d030d221feff10057d	https://raw.githubusercontent.com/aws-neuron/aws-neuron-sdk/HEAD/LICENSE-DOCUMENTATION	aws-neuron-sdk LICENSE-DOCUMENTATION
F0074	2026-09-26T20:05:05Z	200	1113	a1f3488f19e24558526aaa54c30b32975d26167e5455a711a9f59959cda943c4	https://raw.githubusercontent.com/ROCm/ROCm/HEAD/LICENSE	ROCm LICENSE
F0075	2026-09-26T20:05:06Z	000000	0		https://ungh.cc/repos/ROCm/ROCm	ungh ROCm/ROCm
F0076	2026-09-26T20:05:05Z	200	3091	ecb8b2f5b7344c8ad9942ac6411b039b2881c22df0413b9c9aca7228c8d8d3b1	https://repos.ecosyste.ms/api/v1/hosts/GitHub/repositories/groq%2Fgroq-python	ecosystems groq-python
F0077	2026-09-26T20:05:49Z	200	66883	f4131c8ee1627a41635941a46747927c290bad061608c0b4c8f6b00b350fbd52	https://rebellions.ai/rebellions-product/atom-max/	page
F0078	2026-09-26T20:05:48Z	200	951287	2f580c7881e870b1d4859253124c67def761a6bf4ea482613bee38795ff73899	https://www.qualcomm.com/content/dam/qcomm-martech/dm-assets/documents/Prod-Brief-QCOM-Cloud-AI-100-Ultra.pdf	page
F0079	2026-09-26T20:05:48Z	200	268764	6d8b4ebb6070a39c4bae87406b8a34aaac91d460d517f21b292cd5f546277275	https://www.nvidia.com/en-us/data-center/lpx/	page
F0080	2026-09-26T20:05:48Z	200	234317	424b82a60d929380e263ccfd9efa6ebe89c3e8ac4c56a847e66c30747517f8c2	https://www.cerebras.ai/pricing	page
F0081	2026-09-26T20:05:48Z	200	413514	2545d7ab62fdb864c7ef7157db8577d10e5d9e3fa53af44cfd4c236926b03442	https://www.cerebras.ai/system	page
F0082	2026-09-26T20:05:48Z	200	142636	bdcfbb63d6bbad077ccd61e9028d9a6d30c7f9bc7a83636fb2a9742ce42300b5	https://mlcommons.org/2026/04/mlperf-inference-v6-0-results/	page
F0083	2026-09-26T20:05:48Z	200	138223	7b6b02312fbda6846213c156bc72d192c7ff71c7664f9da03de69ec1f4de60a6	https://en.wikipedia.org/wiki/MetaX	page
F0084	2026-09-26T20:05:48Z	200	130962	789d3dc7822b0c79c2b83ca4bbda3fa142d65a24641463eb50161495ded90430	https://en.wikipedia.org/wiki/Enflame	page
F0085	2026-09-26T20:05:48Z	200	164143	27cbc9941c0c02e3ded778cb7243e902fba5bff17b14558b1c9b86c3de6d2cdf	https://en.wikipedia.org/wiki/Graphcore	page
F0086	2026-09-26T20:05:48Z	200	156273	877112e890e178816d7d83f36dbe058a158744b86a6bab5af0a6277f9e827256	https://en.wikipedia.org/wiki/Biren_Technology	page
F0087	2026-09-26T20:05:48Z	200	196752	d3b316a9364a633f376da7f1ded1c25b59d169c65088bba6f3c7c118316bae61	https://en.wikipedia.org/wiki/Hygon_Information_Technology	page
F0088	2026-09-26T20:05:49Z	200	72085	231327fb711bd72bd9bbbd472abb2e5530e3c640d17237a0164f2f91d9c21caf	https://www.rebellions.ai/rebellions-product/rebel100/	page
F0089	2026-09-26T20:05:48Z	200	518008	46766718f5970aa15898c567189ef50d302e183a6d6ee88257b80ebb6760b0cb	https://en.wikipedia.org/wiki/Tensor_Processing_Unit	page
F0090	2026-09-26T20:05:48Z	200	144448	048bfb41f098c010f1015dcc3cb9913ac7b36b4cfa1574344e17d24c64a402e4	https://mlcommons.org/2026/09/mlperf-inference-v6-1-results/	page
F0091	2026-09-26T20:05:48Z	200	141617	0ded85ef6a8436b7bc88ec71916a65b85cd7f8ae158fd4bb222579421ef4a18a	https://en.wikipedia.org/wiki/Moore_Threads	page
F0092	2026-09-26T20:05:48Z	200	9707	d1ce4a34c9668b9a1f363edec3f12c8c16c0435f62c2a50515bde0269a6a1790	https://www.qualcomm.com/artificial-intelligence/data-center/cloud-ai-100-ultra	page
F0093	2026-09-26T20:05:48Z	200	160773	83ff46d15ffb474bab19e2e901574a587a4f83a40400f79a679dfbfd00c51f3a	https://en.wikipedia.org/wiki/Cambricon_Technologies	page
F0094	2026-09-26T20:06:57Z	200	300671	722acacb20d03eccdec529af677a2d60788b26e4ce1ca608ec0142f1b0c6ad37	https://aws.amazon.com/about-aws/whats-new/2025/11/amazon-ec2-p6-b300-instances-nvidia-blackwell-ultra-gpus-available	AWS P6-B300 GA
F0095	2026-09-26T20:06:58Z	200	229463	f32ffe1ef12d596c5079057c774c87bd2ec6c608f637e88675efdd8b992d2610	https://getdeploying.com/gpus/nvidia-gb300	getdeploying GB300 providers
F0096	2026-09-26T20:06:59Z	200	304	8836ef14ecb416584e2b48c4a98f598c6b862790fca9ed637ff8a2372f831381	https://ungh.cc/repos/ROCm/ROCm	ungh ROCm/ROCm retry
F0097	2026-09-26T20:06:59Z	403	5769	e4c00252dd04851eb4ca57be8faf78a8758a3e8508b4922c0c03abc9d68ccaa4	https://www.datacenterdynamics.com/en/news/google-to-sell-tpus-to-a-select-group-of-customers-for-their-data-centers/	DCD Google sells TPUs
F0098	2026-09-26T20:08:17Z	200	46460	470c398a92f4f177ecb21792f77b4259c6053d6463c1f940f4b629b25085eb1b	https://www.cambricon.com/	vendor homepage
F0099	2026-09-26T20:08:23Z	000000	0		https://www.hiascend.com/	vendor homepage
F0100	2026-09-26T20:08:19Z	200	516749	231316904da8ee2fb6dc9fd6560ac5c76759502e3445b922506626b64373b24d	https://gitcode.com/cann	vendor homepage
F0101	2026-09-26T20:08:23Z	000000	0		https://www.hiascend.com/en/software/cann	vendor homepage
F0102	2026-09-26T20:08:17Z	200	238353	7ead5b9eccaf9cc92506712cfd77f9ebcd4da7c2e1a08f161f4b0406c186e1bc	https://www.birentech.com/	vendor homepage
F0103	2026-09-26T20:08:16Z	200	111273	85aa47bd5de2a59d779e37d728b505e44625393bed6c32d1e12a99057f05f6dd	https://www.d-matrix.ai/	vendor homepage
F0104	2026-09-26T20:08:18Z	200	64399	69eef4b2cd94d9451790a73ff3f8e4c5e00fd40a48b83d393ec6cdedcf57dab6	https://www.t-head.cn/	vendor homepage
F0105	2026-09-26T20:09:13Z	200	191135	14c045eff43e5b5563b97fefbf0bcf0de76cb91508b2e846c36ddcb68e136c04	https://vsora.com/	vendor page
F0106	2026-09-26T20:09:12Z	403	5832	055474d8d068289e0be3ca953b6fba0bdb555542b56a895b93dc7c38987485dc	https://www.datacenterdynamics.com/en/news/axelera-ai-launches-europa-chip-makes-hardware-available-in-dell-and-supermicro-servers/	vendor page
F0107	2026-09-26T20:09:12Z	200	245304	2f588e87dbbe5cd4514c54a475ccd85a00062d40de411967d06785759cb398d9	https://www.nextsilicon.com/	vendor page
F0108	2026-09-26T20:09:12Z	200	24931	894610c4c9608f615d5ab1ecd809bf0297be2fae97f601c0d5c7f4624b38f1ad	https://lumai.ai/product	vendor page
F0109	2026-09-26T20:09:12Z	200	246308	6dc1360458fca175c390e944854dced2bafef084d320a474c4756c1e4167d791	https://axelera.ai/	vendor page
F0110	2026-09-26T20:09:13Z	200	254828	c1edf7d4fa3e6a36df003df5a070c575fc563a07c0dc9a7de59e56515148ee26	https://www.ibm.com/products/spyre-accelerator	vendor page
F0111	2026-09-26T20:09:50Z	200	56917	07bfade498c81e89a0e2191fdc3577d0c8b04354e2bd0c46938edab34527e631	https://newsroom.ibm.com/2025-10-07-ibm-introduces-the-spyre-accelerator-for-commercial-availability	IBM Spyre GA press release
