qwen-vl	Qwen-VL	alibaba-cloud	QwenLM/Qwen3-VL	Qwen/Qwen3-VL-8B-Instruct
qwen-omni	Qwen-Omni	alibaba-cloud	QwenLM/Qwen3-Omni	Qwen/Qwen3-Omni-30B-A3B-Instruct
internvl	InternVL	shanghai-ai-laboratory	OpenGVLab/InternVL	OpenGVLab/InternVL3_5-8B
internvideo	InternVideo	shanghai-ai-laboratory	OpenGVLab/InternVideo	OpenGVLab/InternVideo2_5_Chat_8B
minicpm-v	MiniCPM-V	openbmb	OpenBMB/MiniCPM-V	openbmb/MiniCPM-V-4.6
minicpm-o	MiniCPM-o	openbmb	OpenBMB/MiniCPM-o	openbmb/MiniCPM-o-4_5
molmo	Molmo	ai2	allenai/molmo2	allenai/Molmo2-8B
smolvlm	SmolVLM	hugging-face		HuggingFaceTB/SmolVLM2-2.2B-Instruct
idefics	Idefics	hugging-face		HuggingFaceM4/Idefics3-8B-Llama3
moondream	Moondream	moondream	vikhyat/moondream	vikhyatk/moondream2
florence-2	Florence-2	microsoft		microsoft/Florence-2-large
fara	Fara	microsoft	microsoft/fara	microsoft/Fara1.5-27B
llava	LLaVA	lmms-lab	LLaVA-VL/LLaVA-NeXT	lmms-lab/LLaVA-OneVision-1.5-8B-Instruct
kimi-vl	Kimi-VL	moonshot-ai	MoonshotAI/Kimi-VL	moonshotai/Kimi-VL-A3B-Thinking-2506
glm-v	GLM-V	zhipu-z-ai	zai-org/GLM-V	zai-org/GLM-4.6V
deepseek-vl	DeepSeek-VL	deepseek	deepseek-ai/DeepSeek-VL2	deepseek-ai/deepseek-vl2
janus	Janus	deepseek	deepseek-ai/Janus	deepseek-ai/Janus-Pro-7B
pixtral	Pixtral	mistral-ai		mistralai/Pixtral-Large-Instruct-2411
aria	Aria	rhymes-ai	rhymes-ai/Aria	rhymes-ai/Aria
nvlm	NVLM	nvidia		nvidia/NVLM-D-72B
nemotron-vl	Nemotron Nano VL	nvidia		nvidia/NVIDIA-Nemotron-Nano-12B-v2-VL-BF16
nemotron-omni	Nemotron Nano Omni	nvidia		nvidia/Nemotron-3-Nano-Omni-30B-A3B-Reasoning-BF16
eagle	Eagle	nvidia	NVlabs/Eagle	nvidia/Eagle2.5-8B
ovis	Ovis	aidc-ai	AIDC-AI/Ovis	ATH-MaaS/Ovis2.5-9B
keye-vl	Keye-VL	kuaishou	Kwai-Keye/Keye	Kwai-Keye/Keye-VL-2.0-30B-A3B
step-vl	Step3-VL	stepfun	stepfun-ai/Step3-VL-10B	stepfun-ai/Step3-VL-10B
paligemma	PaliGemma	google		google/paligemma2-3b-mix-224
ui-tars	UI-TARS	bytedance-seed-volcano-engine	bytedance/UI-TARS	ByteDance-Seed/UI-TARS-1.5-7B
ui-venus	UI-Venus	inclusion-ai	inclusionAI/UI-Venus	inclusionAI/UI-Venus-2-9B
holo	Holo	h-company		Hcompany/Holo-3.1-35B-A3B
bagel	BAGEL	bytedance-seed-volcano-engine	ByteDance-Seed/Bagel	ByteDance-Seed/BAGEL-7B-MoT
blip	BLIP	salesforce	salesforce/LAVIS	Salesforce/blip2-opt-2.7b
lfm-vl	LFM-VL	liquid-ai		LiquidAI/LFM2.5-VL-1.6B
aya-vision	Aya Vision	cohere		CohereLabs/aya-vision-8b
north-vision	North Micro Vision	cohere		CohereLabs/North-Micro-Vision-Instruct
videollama	VideoLLaMA	alibaba-damo-academy	DAMO-NLP-SG/VideoLLaMA3	DAMO-NLP-SG/VideoLLaMA3-7B
ming-omni	Ming-Omni	inclusion-ai	inclusionAI/Ming	inclusionAI/Ming-flash-omni-2.0
fastvlm	FastVLM	apple	apple/ml-fastvlm	apple/FastVLM-7B
mimo-vl	MiMo-VL	xiaomi	XiaomiMiMo/MiMo-VL	XiaomiMiMo/MiMo-VL-7B-RL-2508
emu	Emu	baai	baaivision/Emu3.5	BAAI/Emu3.5
vita	VITA	vita-mllm	VITA-MLLM/VITA	VITA-MLLM/VITA-1.5
moss-vl	MOSS-VL	openmoss	OpenMOSS/MOSS-VL	OpenMOSS-Team/MOSS-VL-Instruct-0708
cambrian	Cambrian	nyu-visionx	cambrian-mllm/cambrian	nyu-visionx/Cambrian-S-7B
perception-lm	Perception LM	meta	facebookresearch/perception_models	facebook/Perception-LM-8B
longcat-omni	LongCat-Flash-Omni	meituan	meituan-longcat/LongCat-Flash-Omni	meituan-longcat/LongCat-Flash-Omni
sensenova-u	SenseNova-U	sensetime		sensenova/SenseNova-U1.5-8B-MoT
sail-vl	SAIL-VL	bytedance-douyin		BytedanceDouyinContent/SAIL-VL2-8B
isaac	Isaac	perceptron-ai		PerceptronAI/Isaac-0.5
